experiment,hypothesis,strategy,version,params,status,cagr,sharpe,max_dd,ew_sharpe,ew_cagr,trades,win_rate,expectancy,profit_factor,avg_hold_days,exposure,orders,commissions,commission_drag_pa,slippage_drag_pa,turnover_pa,dsr,dsr_conservative,thirds,is_screen,failed_gates
E006-01,H006,S006,v1.0,"{""k"": 3.0, ""n"": 55, ""slots"": 10, ""time_stop"": 60, ""use_volume"": true, ""vol_mult"": 1.5}",completed,0.12193570293375666,0.8805806064743448,-0.1929020343428982,0.9199052769290139,0.13927716665144696,529,0.4612476370510397,0.016123566805293005,1.4590998860864264,51.85633270321361,0.9106222683785409,1066,7462.0,0.00570607719797379,0.01245546257567212,12.455462575672119,0.28435564700737714,0.22160640699570688,"[0.61, 1.3, 0.79]",fail,Sharpe vs EW + 0.1; expectancy without best 5%
E006-02,H006,S006,v1.1,"{""k"": 3.0, ""n"": 252, ""slots"": 10, ""time_stop"": 60, ""use_volume"": true, ""vol_mult"": 1.5}",completed,0.0976265667780829,0.7381564185289811,-0.2431436242165559,0.9199052769290139,0.13927716665144696,519,0.4662813102119461,0.013203703872832371,1.3907827643683497,53.05587668593449,0.9080574356101961,1047,7329.0,0.006072883079496771,0.012356588745836797,12.356588745836797,0.16711542942811675,0.12264127069002367,"[0.45, 1.41, 0.39]",fail,Sharpe vs EW + 0.1; max drawdown; expectancy without best 5%
E006-03,H006,S006,v1.2,"{""k"": 3.0, ""n"": 55, ""slots"": 10, ""time_stop"": 60, ""use_volume"": false, ""vol_mult"": 1.5}",completed,0.12348533935112505,0.9037251678692622,-0.2272501249051897,0.9199052769290139,0.13927716665144696,517,0.4700193423597679,0.015539832765957448,1.525411121276155,53.18375241779497,0.914007076673728,1043,7301.0,0.006135864450580024,0.012157004974885057,12.157004974885059,0.30801946137105674,0.24294814649785496,"[0.28, 1.36, 1.22]",fail,Sharpe vs EW + 0.1; max drawdown
E007-01,H007,S007,v1.0,"{""atr_ratio"": 0.6, ""pct"": 0.1, ""setup"": ""bandwidth"", ""slots"": 10, ""time_stop"": 40, ""use_trend"": true}",completed,0.059919848652531416,0.5581633644189006,-0.1683405439557082,0.9199052769290139,0.13927716665144696,911,0.4226125137211855,0.003960999352360044,1.1435696718871373,25.557628979143796,0.7683534572025861,1832,12824.0,0.011868472863263847,0.02184218316067361,21.842183160673606,0.07030436490049369,0.0474047725086966,"[0.36, 1.4, -0.06]",fail,Sharpe vs EW + 0.1; profit factor; expectancy 95% CI lower bound; largest year share of profit; expectancy without best 5%
E007-02,H007,S007,v1.1,"{""atr_ratio"": 0.6, ""pct"": 0.1, ""setup"": ""atr"", ""slots"": 10, ""time_stop"": 40, ""use_trend"": true}",completed,0.05427643165730589,1.1167533897898347,-0.0513851563479073,0.9199052769290139,0.13927716665144696,223,0.4618834080717489,0.018731787847533637,2.4556360306224487,27.641255605381165,0.20954052793579359,446,3122.0,0.003088374983964794,0.0054498258102593814,5.449825810259382,0.5370056549666691,0.45684374676249,"[1.19, 1.06, 1.17]",PASS,
E007-03,H007,S007,v1.2,"{""atr_ratio"": 0.6, ""pct"": 0.1, ""setup"": ""bandwidth"", ""slots"": 10, ""time_stop"": 40, ""use_trend"": false}",completed,0.05363873503935612,0.4966939872697524,-0.18958668697759684,0.9199052769290139,0.13927716665144696,941,0.4208289054197662,0.003220976025504782,1.1003500665410868,25.1211477151966,0.7816654337536665,1892,13244.0,0.012317256626857596,0.02261683909454703,22.616839094547032,0.04943245314837001,0.03230326493999241,"[0.6, 0.98, -0.07]",fail,Sharpe; Sharpe vs EW + 0.1; profit factor; expectancy 95% CI lower bound; largest year share of profit; expectancy without best 5%
E008-01,H008,S008,v1.0,"{""keep"": 20, ""scaled"": true, ""skip"": 21, ""slots"": 10, ""window"": 252}",completed,0.09172662522908337,0.5690496804856248,-0.26152697628453236,0.9199052769290139,0.13927716665144696,429,0.5547785547785548,0.016221502284382284,1.3588224597182117,64.3053613053613,0.8851611551080965,868,6076.0,0.005332030125903728,0.0097843751076594,9.7843751076594,0.07424832403583187,0.050280666809431745,"[0.41, 0.82, 0.65]",fail,Sharpe vs EW + 0.1; max drawdown; episode 2010 May-Jun (flash crash); episode 2015 Aug-2016 Feb (China/oil); expectancy without best 5%
E008-02,H008,S008,v1.1,"{""keep"": 20, ""scaled"": true, ""skip"": 21, ""slots"": 10, ""window"": 126}",completed,0.10638590206361775,0.6918079152198402,-0.25956313510389595,0.9199052769290139,0.13927716665144696,566,0.5388692579505301,0.012676382508833921,1.3261376317041749,48.98056537102474,0.8617203907273412,1142,7994.0,0.006696656623450023,0.012807349809152704,12.807349809152706,0.1361881320904667,0.09777335138449761,"[0.18, 1.43, 0.68]",fail,Sharpe vs EW + 0.1; max drawdown; largest year share of profit; expectancy without best 5%
E008-03,H008,S008,v1.2,"{""keep"": 20, ""scaled"": false, ""skip"": 21, ""slots"": 10, ""window"": 252}",completed,0.1486489697181117,0.6659951610327949,-0.3364917822473581,0.9199052769290139,0.13927716665144696,287,0.5679442508710801,0.04417081163763066,1.4650855806414402,95.79442508710801,0.9061493866529893,584,4088.0,0.0024470040342211407,0.0065873188977132215,6.587318897713223,0.11964395590998744,0.08461557617833187,"[0.76, 1.12, 0.13]",fail,Sharpe vs EW + 0.1; max drawdown; episode 2010 May-Jun (flash crash); episode 2011 Jul-Oct (US downgrade); episode 2015 Aug-2016 Feb (China/oil); expectancy without best 5%
E009-02,H009,S009,v1.1,"{""days"": 1, ""hold"": 40, ""slots"": 10, ""vol_mult"": 2.5}",completed_with_warnings,0.14372001175026172,1.0068112877571824,-0.20728147821002063,0.9199052769290139,0.13927716665144696,482,0.5954356846473029,0.020044469730290455,1.571484091260044,57.61825726141079,0.9058349686843344,974,6818.0,0.004707676563989901,0.011536926070025003,11.536926070025004,0.4136052587428847,0.3385288600841836,"[0.68, 1.61, 0.95]",fail,Sharpe vs EW + 0.1
E009-03,H009,S009,v1.2,"{""days"": 5, ""hold"": 20, ""slots"": 10, ""vol_mult"": 2.5}",completed_with_warnings,0.13444975427252492,0.9986339305885791,-0.16601247376621187,0.9199052769290139,0.13927716665144696,901,0.5671476137624861,0.010812281820199776,1.5167277186264612,30.118756936736958,0.8912731062120612,1812,12684.0,0.009843265577955417,0.021758025552854086,21.758025552854086,0.40602218406632934,0.33247428586642436,"[0.51, 1.42, 1.34]",fail,Sharpe vs EW + 0.1
E009-04,H009,S009,v1.0,"{""days"": 1, ""hold"": 20, ""slots"": 10, ""vol_mult"": 2.5}",completed,0.09133068110765907,0.6676593985634558,-0.20380514162190577,0.9199052769290139,0.13927716665144696,907,0.5689084895259096,0.006303472690187432,1.2292175370183305,30.13561190738699,0.8926684640665562,1824,12768.0,0.010631619603029639,0.021748535047295847,21.74853504729585,0.12113941534114825,0.08585169975788082,"[0.54, 1.13, 0.43]",fail,Sharpe vs EW + 0.1; expectancy without best 5%
E010-01,H010,S010,v1.0,"{""gap_atr"": 1.5, ""hold"": 40, ""min_gap"": 0.02, ""require_hold"": true, ""slots"": 10, ""vol_mult"": 2.0}",completed,0.06943901055320167,0.5848137172809466,-0.1910654931492073,0.9199052769290139,0.13927716665144696,711,0.4008438818565401,0.005909107580872013,1.1777604803675494,35.38255977496484,0.8336536812333952,1431,10017.0,0.009457541093107251,0.016868911303896224,16.86891130389623,0.08100034291917824,0.05531929799063911,"[0.43, 1.11, 0.25]",fail,Sharpe vs EW + 0.1; profit factor; expectancy 95% CI lower bound; expectancy without best 5%
E010-02,H010,S010,v1.1,"{""gap_atr"": 1.5, ""hold"": 60, ""min_gap"": 0.02, ""require_hold"": true, ""slots"": 10, ""vol_mult"": 2.0}",completed,0.08604914292767951,0.6835535848195865,-0.21716571802985585,0.9199052769290139,0.13927716665144696,534,0.352059925093633,0.010366024906367044,1.2505507338184427,47.78651685393258,0.8542882208153179,1078,7546.0,0.006621762020835771,0.012631534771631175,12.631534771631175,0.1305340822371921,0.09322313899170803,"[0.58, 1.21, 0.24]",fail,Sharpe vs EW + 0.1; largest year share of profit; expectancy without best 5%
E010-03,H010,S010,v1.2,"{""gap_atr"": 1.5, ""hold"": 40, ""min_gap"": 0.02, ""require_hold"": false, ""slots"": 10, ""vol_mult"": 2.0}",completed,0.06143651886277768,0.5138369130179022,-0.2149029923861785,0.9199052769290139,0.13927716665144696,871,0.3455797933409874,0.005456189357060851,1.1904632307347318,29.851894374282434,0.8613007304699931,1751,12257.0,0.012834953237227026,0.02040831633833139,20.408316338331392,0.05512304361603973,0.03640314578648108,"[0.18, 0.88, 0.59]",fail,Sharpe vs EW + 0.1; profit factor; expectancy without best 5%
E011-01,H011,S011,v1.0,"{""lags"": 5, ""slots"": 10, ""trend_filter"": false}",completed,0.012970707946206694,0.16583033390724122,-0.43275349167799626,0.9199052769290139,0.13927716665144696,885,0.519774011299435,0.0038332489265536715,1.0253180682002463,30.64406779661017,0.802687774874099,1780,12460.0,0.012875679489193062,0.019209748343132535,19.20974834313254,0.004790539809226822,0.0026434081809803803,"[0.14, 1.03, -0.47]",fail,Sharpe; Sharpe vs EW + 0.1; max drawdown; episode 2015 Aug-2016 Feb (China/oil); profit factor; expectancy 95% CI lower bound; positive years; largest year share of profit; expectancy without best 5%
E011-02,H011,S011,v1.1,"{""lags"": 10, ""slots"": 10, ""trend_filter"": false}",completed,0.11209274879458064,0.6719005416101337,-0.43048470931678273,0.9199052769290139,0.13927716665144696,887,0.5467869222096956,0.012372565467869223,1.2474057497161204,30.595264937993235,0.8031412388713033,1784,12488.0,0.008443965429060495,0.019339366355573442,19.339366355573443,0.12369093599466946,0.08785893704954045,"[0.82, 1.58, -0.18]",fail,Sharpe vs EW + 0.1; max drawdown; episode 2015 Aug-2016 Feb (China/oil); largest year share of profit; expectancy without best 5%
E011-03,H011,S011,v1.2,"{""lags"": 5, ""slots"": 10, ""trend_filter"": true}",completed,0.029043417743252142,0.24462046910773083,-0.41739667534978653,0.9199052769290139,0.13927716665144696,882,0.5260770975056689,0.004922335589569162,1.0632849454306066,30.718820861678005,0.8023264044839602,1774,12418.0,0.012475344418664247,0.01907549827141728,19.07549827141728,0.0090131366432236,0.005185192569220636,"[0.03, 1.35, -0.45]",fail,Sharpe; Sharpe vs EW + 0.1; max drawdown; episode 2015 Aug-2016 Feb (China/oil); profit factor; expectancy 95% CI lower bound; largest year share of profit; expectancy without best 5%
