date,dv_p10,dv_share_ge2b,dv_share_nocap,n_adr,n_all,n_common,n_elig,n_fund,n_ge2b,n_nofund_liquid,n_other_ex,n_zero_common,n_zero_liquid
1999-01-04,0,0.0,0.9931,0,8347,1095,0,2408,0,5939,4,400,400
1999-02-02,0,0.0,0.9946,0,8117,1086,0,2401,0,5716,4,369,369
1999-03-02,0,0.0,0.992,0,7993,1080,0,2390,0,5603,4,352,352
1999-04-01,0,0.0,0.9952,0,8062,1104,0,2434,0,5628,4,431,431
1999-05-01,0,0.0,0.9948,0,7942,1105,0,2434,0,5508,4,399,399
1999-06-02,0,0.0,0.9929,0,7784,1099,0,2427,0,5357,4,378,378
1999-07-01,0,0.0,0.9933,0,7893,1123,0,2465,0,5428,4,504,504
1999-08-03,0,0.0,0.9941,0,7838,1138,0,2477,0,5361,4,416,416
1999-09-01,0,0.0,0.9938,0,7795,1147,0,2489,0,5306,4,428,428
1999-10-01,0,0.0,0.9953,0,7906,1166,0,2525,0,5381,4,512,512
1999-11-02,0,0.0,0.9944,0,7848,1166,0,2521,0,5327,4,456,456
1999-12-01,0,0.0,0.9945,0,8003,1205,0,2566,0,5437,4,542,542
2000-01-01,0,0.0,0.994,0,7990,1212,0,2583,0,5407,5,473,473
2000-02-01,0,0.0,0.9954,0,7917,1217,0,2590,0,5327,5,571,571
2000-03-01,0,0.0,0.9965,0,7972,1236,0,2605,0,5367,5,662,662
2000-04-01,0,0.0,0.996,0,7937,1261,0,2643,0,5294,5,668,668
2000-05-02,0,0.0,0.996,0,7810,1250,0,2633,0,5177,5,606,606
2000-06-01,0,0.0,0.9958,0,7759,1251,0,2622,0,5137,5,543,543
2000-07-01,0,0.0,0.996,0,7766,1265,0,2653,0,5113,5,668,668
2000-08-01,0,0.0,0.9962,0,7793,1284,0,2678,0,5115,5,574,574
2000-09-01,0,0.0,0.9963,0,7880,1320,0,2724,0,5156,5,631,631
2000-10-03,0,0.0,0.9967,0,7822,1322,0,2728,0,5094,5,607,607
2000-11-01,0,0.0,0.9962,0,7737,1321,0,2735,0,5002,5,617,617
2000-12-01,0,0.0,0.9963,0,7781,1349,0,2762,0,5019,5,605,605
2001-01-03,0,0.0,0.9945,0,7607,1331,0,2749,0,4858,5,551,551
2001-02-01,0,0.0,0.995,0,7522,1329,0,2741,0,4781,5,622,622
2001-03-01,0,0.0,0.9943,0,7404,1326,0,2735,0,4669,5,527,527
2001-04-03,0,0.0,0.9908,0,7317,1336,0,2745,0,4572,5,506,506
2001-05-01,0,0.0,0.994,0,7254,1321,0,2735,0,4519,5,550,550
2001-06-01,0,0.0,0.9921,0,7211,1334,0,2754,0,4457,5,590,590
2001-07-03,0,0.0,0.9921,0,7081,1326,0,2760,0,4321,5,640,640
2001-08-01,0,0.0,0.992,0,7136,1339,0,2776,0,4360,5,578,578
2001-09-01,0,0.0,0.9901,0,6897,1319,0,2737,0,4160,5,495,495
2001-10-02,0,0.0,0.9858,0,6953,1320,0,2757,0,4196,5,502,502
2001-11-01,0,0.0,0.9891,0,6913,1339,0,2771,0,4142,5,561,561
2001-12-01,0,0.0,0.9903,0,6974,1353,0,2802,0,4172,5,578,578
2002-01-01,0,0.0,0.9907,0,7148,1376,0,2851,0,4297,5,620,620
2002-02-01,0,0.0,0.9884,0,6951,1366,0,2828,0,4123,5,586,586
2002-03-01,0,0.0,0.9904,0,6855,1361,0,2807,0,4048,5,558,558
2002-04-02,0,0.0,0.9896,0,6897,1384,0,2850,0,4047,5,580,580
2002-05-01,61085172,0.0007,0.9891,0,6901,1384,0,2862,1,79,5,612,77
2002-06-01,0,0.0,0.989,0,6803,1385,0,2861,0,3942,5,573,573
2002-07-02,0,0.0,0.9867,0,6834,1413,0,2896,0,3938,5,612,612
2002-08-01,0,0.0,0.9837,0,6684,1394,0,2869,0,3815,5,520,520
2002-09-04,0,0.0,0.9833,0,6686,1394,0,2883,0,3803,5,467,467
2002-10-01,0,0.0,0.9843,0,6699,1403,0,2891,0,3808,5,475,475
2002-11-01,0,0.0,0.9797,0,6567,1380,0,2870,0,3697,5,500,500
2002-12-03,0,0.0,0.9832,0,6710,1418,0,2928,0,3782,5,542,542
2003-01-01,37144422,0.0007,0.9839,0,6798,1445,0,2961,1,74,5,529,59
2003-02-01,12831804,0.0002,0.9799,0,6562,1408,1,2924,1,235,5,494,164
2003-03-01,7266753,0.0001,0.9799,0,6565,1424,1,2950,1,305,5,471,200
2003-04-01,11352000,0.0002,0.9829,0,6442,1406,1,2930,1,238,5,515,172
2003-05-01,24471140,0.0003,0.9831,0,6492,1429,1,2959,1,151,5,559,122
2003-06-03,14212714,0.0004,0.985,0,6609,1460,2,2999,2,304,5,656,222
2003-07-01,41526784,0.0013,0.9802,0,6466,1425,2,2965,2,95,5,738,75
2003-08-01,31767849,0.0012,0.986,0,6497,1461,2,3010,2,171,6,652,121
2003-09-03,47509097,0.0014,0.9809,0,6539,1465,2,3021,2,94,6,688,91
2003-10-01,69543720,0.002,0.9838,0,6504,1455,2,3010,2,75,6,687,67
2003-11-01,87481295,0.0025,0.972,0,6518,1460,2,3027,2,53,6,693,43
2003-12-02,38603589,0.0009,0.9834,0,6576,1487,2,3069,2,118,6,743,118
2004-01-01,34386468,0.0012,0.984,0,6592,1506,2,3101,2,86,6,727,82
2004-02-03,41399568,0.0009,0.9847,0,6597,1515,2,3111,2,135,6,782,114
2004-03-02,67899330,0.0016,0.9838,0,6590,1512,2,3121,2,78,6,798,62
2004-04-01,32783568,0.0011,0.9838,0,6558,1499,2,3102,2,168,6,776,133
2004-05-01,30829644,0.001,0.9861,0,6546,1501,2,3110,2,185,6,789,150
2004-06-02,30262258,0.0026,0.9799,0,6533,1507,3,3125,3,154,6,748,113
2004-07-01,23614560,0.0028,0.9786,0,6560,1526,3,3155,3,217,6,782,163
2004-08-03,15093936,0.0034,0.9809,0,6641,1559,3,3203,3,297,6,690,197
2004-09-01,9669866,0.0054,0.9788,0,6499,1519,3,3150,4,319,6,625,217
2004-10-01,22723127,0.0101,0.9765,0,6540,1524,4,3172,4,218,6,686,142
2004-11-02,11689865,0.0268,0.9587,0,6586,1543,4,3205,4,363,7,724,236
2004-12-01,33025298,0.0152,0.9698,0,6663,1564,4,3236,4,166,6,781,114
2005-01-01,31474916,0.0277,0.9571,0,6609,1560,4,3236,4,95,7,721,74
2005-02-01,31219200,0.019,0.9651,0,6626,1564,4,3243,4,191,7,770,136
2005-03-01,34598521,0.0418,0.9452,0,6683,1594,4,3285,4,185,7,795,121
2005-04-01,35297932,0.0219,0.9606,0,6614,1554,4,3245,4,171,7,765,109
2005-05-03,30771755,0.0222,0.9614,0,6617,1578,4,3281,4,164,7,747,128
2005-06-01,25838230,0.0644,0.9204,0,6627,1578,4,3279,4,200,8,744,133
2005-07-01,28373826,0.0378,0.9326,0,6657,1581,4,3301,4,189,8,765,130
2005-08-02,16113040,0.0186,0.9617,0,6700,1611,4,3342,4,322,8,816,215
2005-09-01,23898227,0.0122,0.9717,0,6640,1593,4,3336,4,276,7,776,158
2005-10-01,28952211,0.0258,0.9541,0,6613,1582,4,3314,4,212,9,765,132
2005-11-01,60994087,0.0383,0.9465,0,6665,1614,4,3362,4,119,8,788,83
2005-12-01,23301925,0.049,0.9329,0,6666,1615,4,3370,4,261,10,808,182
2006-01-04,83670290,0.0367,0.9455,0,6698,1631,4,3392,4,98,12,839,67
2006-02-01,37510534,0.0391,0.9409,0,6657,1627,4,3393,4,218,12,874,139
2006-03-01,54804661,0.0932,0.8907,0,6650,1628,4,3395,4,138,12,865,98
2006-04-01,34488678,0.0528,0.9307,0,6656,1622,4,3402,4,185,12,904,140
2006-05-02,48015006,0.0279,0.9511,0,6679,1630,4,3411,4,169,13,893,113
2006-06-01,32579736,0.0212,0.9594,0,6661,1628,4,3410,4,221,13,868,142
2006-07-01,45915115,0.0164,0.963,0,6703,1628,5,3423,5,152,13,946,97
2006-08-01,40287445,0.015,0.9647,0,6704,1628,5,3420,5,158,13,820,102
2006-09-01,22753822,0.0124,0.9657,0,6699,1618,5,3416,5,246,13,819,152
2006-10-03,2031907,0.0133,0.9675,0,6711,1635,5,3434,6,1029,13,831,659
2006-11-01,37528867,0.023,0.9563,0,6788,1658,5,3472,5,194,13,862,137
2006-12-01,3778578,0.0166,0.9638,0,6786,1659,5,3477,5,879,14,913,568
2007-01-04,4401085,0.0134,0.9632,0,6859,1678,5,3510,5,1047,15,979,610
2007-02-01,2479638,0.0188,0.9567,0,6832,1678,6,3503,6,1152,14,922,706
2007-03-01,5460632,0.0125,0.9613,0,6885,1682,6,3524,6,925,14,951,572
2007-04-03,4520293,0.0112,0.9659,0,6847,1669,6,3501,6,783,16,905,499
2007-05-01,3087122,0.0104,0.9668,0,6895,1691,6,3540,6,998,16,994,700
2007-06-01,25044982,0.0221,0.9546,0,6923,1699,5,3553,5,337,18,961,214
2007-07-03,4277031,0.0117,0.9671,0,6875,1688,5,3538,5,846,18,947,564
2007-08-01,4966380,0.0084,0.9709,0,6934,1702,5,3564,5,902,17,991,600
2007-09-01,4316322,0.0094,0.9664,0,6877,1704,6,3559,6,759,18,854,457
2007-10-02,11360682,0.0134,0.9643,0,6852,1681,6,3548,6,570,18,944,363
2007-11-01,3386005,0.0174,0.9603,0,6919,1686,5,3558,5,988,18,945,654
2007-12-01,9414773,0.0208,0.9543,0,6954,1706,5,3581,5,637,19,943,396
2008-01-01,1883658,0.0128,0.9618,0,7002,1717,6,3601,6,1239,20,912,751
2008-02-01,22538872,0.0177,0.9571,0,6953,1705,5,3587,5,425,19,913,266
2008-03-01,9608544,0.0174,0.9507,0,6908,1702,5,3585,5,570,21,862,379
2008-04-01,11376612,0.0101,0.9627,0,6872,1673,5,3560,5,498,21,826,307
2008-05-01,7866501,0.0164,0.953,0,6824,1666,5,3547,5,633,21,836,401
2008-06-03,6026224,0.0097,0.96,0,6863,1665,4,3559,5,718,22,843,458
2008-07-01,3089459,0.0078,0.9621,0,6900,1694,4,3590,5,915,22,874,622
2008-08-01,5797965,0.0058,0.9654,0,6824,1662,5,3545,5,688,22,807,462
2008-09-03,10117547,0.0112,0.9561,0,6803,1659,6,3547,6,549,23,791,352
2008-10-01,11913516,0.0127,0.9552,0,6895,1686,4,3595,5,500,23,814,305
2008-11-01,11552225,0.011,0.9574,0,6780,1667,5,3561,5,462,22,768,277
2008-12-02,9622577,0.008,0.9597,0,6746,1674,3,3559,5,440,22,681,267
2009-01-01,8224733,0.0073,0.9518,0,6844,1707,4,3611,5,457,26,703,269
2009-02-03,14144740,0.0108,0.9529,0,6599,1635,5,3502,6,366,26,645,212
2009-03-03,13642125,0.0093,0.9522,0,6674,1664,4,3553,6,386,27,633,221
2009-04-01,16220556,0.0076,0.9396,0,6610,1660,5,3534,6,330,33,622,194
2009-05-01,8991968,0.0098,0.941,0,6611,1662,5,3546,6,501,35,674,339
2009-06-02,5213467,0.0074,0.934,0,6584,1656,6,3546,7,685,37,724,422
2009-07-01,15064572,0.0813,0.6442,0,6531,1645,93,3535,98,363,290,268,95
2009-08-01,17606403,0.0987,0.5415,0,6541,1645,121,3528,126,349,367,171,53
2009-09-01,18725783,0.0989,0.4293,0,6586,1666,150,3558,155,328,457,51,9
2009-10-01,18384406,0.1232,0.4493,0,6599,1671,166,3564,174,388,482,27,5
2009-11-03,20650565,0.117,0.4725,0,6596,1670,158,3562,168,406,469,22,3
2009-12-01,18414566,0.1197,0.4349,0,6646,1683,172,3580,180,370,482,21,2
2010-01-01,8564678,0.1439,0.3958,0,6664,1685,183,3590,191,392,496,18,3
2010-02-02,12125316,0.1644,0.4164,0,6623,1670,185,3567,191,471,491,23,5
2010-03-02,15324717,0.1642,0.3983,0,6635,1672,191,3570,198,409,499,19,4
2010-04-01,11174067,0.1381,0.3978,0,6636,1669,201,3566,210,460,515,17,4
2010-05-01,15415440,0.1262,0.4141,0,6677,1685,210,3594,219,439,519,17,1
2010-06-02,12764090,0.1379,0.4548,0,6621,1667,194,3579,201,473,497,14,1
2010-07-01,12629712,0.1473,0.4253,0,6655,1671,186,3584,195,439,483,14,3
2010-08-03,12803937,0.136,0.402,0,6676,1670,197,3595,205,445,506,14,3
2010-09-01,10985336,0.1411,0.4408,0,6656,1670,183,3589,195,436,487,11,4
2010-10-01,14491599,0.1508,0.4495,0,6682,1670,202,3587,213,450,516,13,3
2010-11-02,11585321,0.1546,0.4005,0,6698,1663,205,3593,215,464,530,13,3
2010-12-01,14178817,0.1545,0.4077,0,6705,1677,208,3604,218,429,538,12,1
2011-01-01,6065515,0.1423,0.4155,0,6666,1671,231,3613,241,537,559,10,3
2011-02-01,12146704,0.1493,0.4069,0,6702,1668,229,3615,239,523,571,11,2
2011-03-01,13832060,0.1659,0.3715,0,6742,1688,239,3637,248,470,580,13,3
2011-04-01,11554056,0.1534,0.3909,0,6716,1669,241,3617,249,510,585,9,2
2011-05-03,14213547,0.1648,0.4048,0,6744,1675,244,3638,256,476,591,11,3
2011-06-01,17754217,0.1497,0.398,0,6781,1675,251,3643,261,446,591,13,4
2011-07-01,13454579,0.1488,0.4114,0,6769,1662,235,3632,247,472,585,12,5
2011-08-02,14990866,0.1495,0.4517,0,6748,1649,228,3621,239,490,572,13,3
2011-09-01,15449631,0.1459,0.4303,0,6775,1655,224,3628,231,440,545,12,2
2011-10-01,16324277,0.1479,0.451,0,6739,1664,209,3622,216,424,509,10,1
2011-11-01,15948905,0.1471,0.4187,0,6740,1646,224,3610,231,420,546,9,2
2011-12-01,21143711,0.1407,0.4143,0,6809,1672,224,3651,232,399,544,11,1
2012-01-04,13473625,0.1405,0.4192,0,6805,1673,218,3657,228,454,558,12,2
2012-02-01,12149448,0.1594,0.376,0,6725,1639,227,3616,234,462,568,9,3
2012-03-01,16062495,0.189,0.4041,0,6790,1660,233,3652,240,451,581,13,2
2012-04-03,13750371,0.1855,0.3863,0,6794,1659,237,3653,246,451,590,12,1
2012-05-01,12642913,0.216,0.3319,0,6764,1650,241,3643,249,423,586,11,2
2012-06-01,19455085,0.1806,0.3953,0,6843,1669,229,3675,237,382,555,10,1
2012-07-03,14506380,0.1915,0.3723,0,6767,1644,234,3657,241,403,566,11,1
2012-08-01,14618826,0.1918,0.3487,0,6737,1650,226,3662,236,373,566,8,2
2012-09-01,10035511,0.1791,0.4105,0,6717,1659,229,3665,239,417,580,8,1
2012-10-02,15875722,0.2024,0.3767,0,6729,1638,230,3663,242,391,587,11,1
2012-11-01,11980330,0.2062,0.3187,0,6766,1664,228,3695,238,427,587,10,2
2012-12-01,14565522,0.1969,0.3343,0,6754,1660,235,3700,244,377,593,11,1
2013-01-01,11771359,0.1646,0.4433,0,6884,1680,234,3730,241,439,602,10,4
2013-02-01,13496851,0.1892,0.3135,0,6805,1673,242,3720,251,443,622,11,4
2013-03-01,11129485,0.1778,0.3429,0,6772,1664,252,3710,262,477,631,9,3
2013-04-02,11249429,0.1827,0.3685,0,6784,1671,256,3725,266,470,648,10,2
2013-05-01,12613748,0.2126,0.3151,0,6797,1674,259,3736,272,454,654,13,3
2013-06-01,9028256,0.1602,0.3914,0,6854,1679,266,3764,278,578,662,12,4
2013-07-02,11369289,0.1674,0.4006,0,6875,1685,267,3775,280,500,663,14,4
2013-08-01,10479422,0.1736,0.3415,0,6864,1692,273,3784,287,498,669,13,5
2013-09-04,12310672,0.18,0.4193,0,6919,1703,273,3812,288,473,662,13,3
2013-10-01,11884876,0.1798,0.3871,0,6931,1711,282,3832,299,485,679,14,4
2013-11-01,11494123,0.2047,0.3478,0,6979,1720,290,3850,305,495,690,16,5
2013-12-03,12197022,0.203,0.3533,0,6999,1723,299,3864,313,467,702,17,3
2014-01-01,8426573,0.1778,0.3834,0,7078,1735,308,3888,320,548,709,15,3
2014-02-01,13134347,0.2231,0.3423,0,7025,1730,305,3882,313,472,697,21,3
2014-03-01,13632847,0.2078,0.3594,0,7025,1732,327,3888,335,504,707,24,5
2014-04-01,10530263,0.1938,0.3492,0,7111,1756,322,3934,337,549,717,19,4
2014-05-01,12315479,0.2059,0.3132,0,7095,1763,311,3959,323,487,712,15,4
2014-06-03,10260453,0.2147,0.3312,0,7112,1762,310,3964,324,512,721,14,2
2014-07-01,12307608,0.1862,0.3171,0,7214,1789,327,4008,343,483,746,17,2
2014-08-01,13626423,0.1741,0.3755,0,7221,1796,315,4019,331,527,721,16,3
2014-09-03,11140817,0.2046,0.3587,0,7274,1808,326,4045,341,544,743,14,3
2014-10-01,13419506,0.1747,0.3692,0,7245,1798,320,4037,335,514,714,16,4
2014-11-01,13556172,0.1825,0.3537,0,7304,1818,336,4085,347,515,739,13,4
2014-12-02,11709071,0.1733,0.37,0,7324,1824,332,4099,343,579,733,12,3
2015-01-01,9664029,0.1671,0.4109,0,7366,1824,341,4111,353,578,740,15,5
2015-02-03,13959000,0.1817,0.4025,0,7307,1821,333,4104,344,525,726,15,5
2015-03-03,13408892,0.196,0.3442,0,7323,1819,353,4107,363,519,739,17,6
2015-04-01,11616358,0.1897,0.3452,0,7345,1821,360,4114,368,514,738,15,4
2015-05-01,16858968,0.1852,0.3685,0,7356,1829,349,4123,361,477,738,16,3
2015-06-02,10770294,0.2045,0.3547,0,7360,1835,363,4131,376,539,740,16,5
2015-07-01,13422798,0.1774,0.3805,0,7429,1848,368,4153,373,508,731,18,4
2015-08-01,12440725,0.2126,0.3165,0,7396,1857,361,4164,371,465,726,18,5
2015-09-01,13313635,0.1848,0.3876,0,7426,1869,346,4174,353,500,704,18,3
2015-10-01,17042281,0.1982,0.3617,0,7506,1869,333,4185,338,428,676,19,5
2015-11-03,14696109,0.1869,0.3288,0,7433,1870,340,4180,350,462,708,16,2
2015-12-01,13219380,0.1887,0.3475,0,7476,1889,353,4213,365,462,702,17,2
2016-01-01,10751681,0.1784,0.3974,0,7553,1886,343,4219,353,458,682,17,3
2016-02-02,16053610,0.2013,0.3358,0,7439,1874,320,4175,324,432,651,13,1
2016-03-01,15403120,0.1788,0.3422,0,7444,1886,322,4196,326,406,659,15,2
2016-04-01,14039005,0.18,0.3404,0,7426,1885,335,4178,341,430,682,13,1
2016-05-03,13225221,0.205,0.3123,0,7496,1890,336,4186,347,429,687,13,2
2016-06-01,14087766,0.1896,0.3502,0,7610,1891,340,4183,349,427,685,12,1
2016-07-01,16759681,0.1648,0.3736,0,7659,1895,340,4200,345,443,691,17,3
2016-08-02,12896717,0.2081,0.3339,0,7619,1882,360,4170,370,451,706,13,2
2016-09-01,12481545,0.1716,0.3424,0,7597,1889,362,4164,370,436,716,13,1
2016-10-01,13529606,0.2038,0.317,0,7390,1876,369,4143,375,446,713,16,1
2016-11-01,12034339,0.1928,0.3039,0,7408,1880,348,4146,359,446,698,12,3
2016-12-01,13830416,0.1756,0.327,0,7476,1882,374,4152,379,522,734,11,1
2017-01-04,12241919,0.1859,0.3743,0,7518,1889,374,4160,381,579,741,11,3
2017-02-01,12610543,0.1934,0.3154,0,7508,1885,381,4149,389,481,744,13,2
2017-03-01,15621640,0.2064,0.2954,0,7535,1893,383,4163,390,432,749,15,3
2017-04-01,13061338,0.2098,0.3206,0,7515,1886,385,4164,393,456,745,13,2
2017-05-02,11973851,0.2494,0.2932,0,7545,1886,389,4165,396,475,747,16,3
2017-06-01,13795058,0.2194,0.3006,0,7529,1890,379,4167,386,451,735,16,4
2017-07-01,11762960,0.2201,0.3342,0,7576,1900,391,4187,399,467,737,21,6
2017-08-01,11385920,0.2516,0.2822,0,7552,1905,393,4178,404,445,738,15,3
2017-09-01,10644890,0.2376,0.332,0,7572,1910,390,4187,403,472,738,16,5
2017-10-03,12584194,0.2216,0.3377,0,7573,1905,416,4175,424,513,753,15,1
2017-11-01,12770901,0.2541,0.2813,0,7615,1908,407,4184,417,454,752,15,2
2017-12-01,13613114,0.2236,0.3253,0,7680,1922,414,4208,420,530,759,18,4
2018-01-03,13659029,0.2013,0.3724,0,7717,1914,418,4193,425,600,766,23,3
2018-02-01,10892511,0.2358,0.3426,0,7758,1918,421,4199,430,635,768,24,4
2018-03-01,11553057,0.2278,0.3309,0,7663,1912,412,4191,420,550,760,21,2
2018-04-03,13513083,0.2494,0.3903,0,7733,1921,402,4207,409,567,753,18,0
2018-05-01,12392668,0.2422,0.2941,0,7721,1933,413,4226,422,479,768,13,1
2018-06-01,13970923,0.2437,0.3192,0,7702,1939,434,4237,443,506,777,20,1
2018-07-03,10654690,0.2307,0.3679,0,7864,1947,448,4248,454,608,784,15,4
2018-08-01,13689211,0.2607,0.2918,0,7916,1969,444,4265,452,477,784,16,2
2018-09-01,9404076,0.2825,0.2977,0,7931,1974,474,4267,486,527,794,16,4
2018-10-02,12120892,0.2686,0.3195,0,7974,1986,458,4292,467,534,787,18,4
2018-11-01,16820282,0.2576,0.3301,0,7999,1988,431,4296,438,522,759,14,2
2018-12-01,14446632,0.2639,0.2934,0,8062,1980,436,4291,445,510,759,15,2
2019-01-01,13361103,0.2056,0.4506,0,8026,1976,407,4274,411,636,719,17,2
2019-02-01,13511603,0.2663,0.3169,0,8014,1968,433,4257,444,565,752,18,3
2019-03-01,11817659,0.2318,0.2937,0,7994,1974,449,4251,457,534,754,17,2
2019-04-02,12057772,0.2352,0.3548,0,7997,1975,450,4259,456,594,751,18,1
2019-05-01,13609961,0.2564,0.2887,0,8018,1979,453,4260,461,479,757,18,2
2019-06-01,12320508,0.2211,0.3625,0,8060,1991,433,4282,439,558,736,16,3
2019-07-02,12420265,0.2373,0.3513,0,8085,2003,458,4299,470,576,760,21,2
2019-08-01,16630922,0.2509,0.3357,0,8110,2015,463,4323,471,470,762,20,2
2019-09-04,12278613,0.2248,0.3673,0,8091,2013,440,4315,450,538,745,15,1
2019-10-01,11589526,0.2285,0.333,0,8118,2014,448,4313,456,505,758,11,2
2019-11-01,11657526,0.2509,0.3124,0,8161,2030,455,4326,464,493,761,18,2
2019-12-03,11708463,,,0,8163,2020,466,4329,472,533,771,17,1
2020-01-01,10240919,,,0,8188,2021,490,4336,496,524,782,22,1
2020-02-01,13821918,,,0,8179,2023,482,4326,491,550,770,19,2
2020-03-03,19906341,,,0,8218,2033,474,4353,483,621,745,18,1
2020-04-01,20214431,,,0,8208,2046,401,4362,405,493,634,14,2
2020-05-01,16817378,,,0,8155,2040,434,4352,440,522,682,15,1
2020-06-02,15307694,,,0,8199,2039,459,4363,465,530,704,23,1
2020-07-01,16650403,,,0,8325,2065,466,4401,473,508,708,28,4
2020-08-01,16458797,,,0,8363,2084,469,4428,480,496,712,28,5
2020-09-01,12604570,,,0,8398,2099,502,4459,513,555,734,27,3
2020-10-01,14520000,,,0,8508,2124,499,4504,509,531,729,29,5
2020-11-03,13304499,,,0,8622,2153,504,4560,517,541,750,28,1
2020-12-01,16231202,,,0,8771,2185,560,4618,572,567,795,39,10
2021-01-01,10405659,,,0,8924,2225,592,4676,604,630,816,50,14
2021-02-02,13775599,,,0,9032,2262,615,4729,626,674,836,68,19
2021-03-02,14037212,,,0,9110,2307,646,4801,656,710,861,72,23
2021-04-01,16245084,,,0,9178,2371,639,4903,647,607,865,63,7
2021-05-01,13191261,,,0,9268,2433,642,5015,662,608,886,51,5
2021-06-02,12037032,,,0,9403,2486,651,5096,665,694,907,60,7
2021-07-01,11564836,,,0,9438,2533,671,5166,686,685,907,63,18
2021-08-03,9436082,,,0,9458,2568,651,5214,671,721,900,39,6
2021-09-01,10646067,,,0,9507,2610,674,5292,693,664,921,37,5
2021-10-01,9888863,,,0,9579,2639,667,5351,685,725,915,38,7
2021-11-02,10418431,,,0,9650,2683,691,5410,719,717,939,41,10
2021-12-01,15669637,,,0,9728,2707,664,5473,680,674,916,40,5
