date,R,live,dist,other,n_live,n_dist,n_other
2010-01-01,-0.034409,-0.051576,-0.085199,-0.05825,161,89,192
2010-02-02,0.024617,0.006392,-0.000687,0.023419,170,104,204
2010-03-02,0.045711,0.03049,-0.004088,0.032399,156,100,192
2010-04-01,0.022846,-0.004017,0.026515,0.01354,159,105,204
2010-05-01,-0.11486,-0.089437,-0.190478,-0.105002,175,114,199
2010-06-02,-0.063547,-0.03213,-0.097547,-0.051059,165,111,197
2010-07-01,0.094925,0.086227,0.092489,0.095634,140,90,178
2010-08-03,-0.058005,-0.026439,-0.104248,-0.048784,138,91,168
2010-09-01,0.064709,0.04999,0.110448,0.061037,145,81,163
2010-10-01,0.03475,0.024081,0.006069,0.028107,164,91,182
2010-11-02,0.003733,-0.022564,0.011799,-0.00064,171,93,192
2010-12-01,0.041297,0.03514,0.070944,0.037538,177,110,189
2011-01-01,0.012994,-0.021321,-0.03304,-0.000991,179,106,182
2011-02-01,0.022497,0.00207,0.001937,0.009192,196,119,193
2011-03-01,0.029122,0.023607,0.026967,0.030265,233,117,191
2011-04-01,0.021901,0.015344,-0.012368,0.020822,208,121,191
2011-05-03,-0.002003,-0.007245,-0.036396,-0.004396,205,110,182
2011-06-01,-0.00088,-0.011836,-0.023316,-0.006997,201,106,178
2011-07-01,-0.060171,-0.032935,-0.049924,-0.049787,189,108,180
2011-08-02,-0.032864,-0.046134,-0.135011,-0.039932,183,103,168
2011-09-01,-0.082095,-0.116347,-0.1896,-0.109145,153,97,165
2011-10-01,0.175905,0.134842,0.287304,0.181532,134,74,149
2011-11-01,0.023071,-0.013963,0.021276,0.006571,138,71,141
2011-12-01,0.011699,0.000565,-0.012995,0.013687,147,75,139
2012-01-04,0.050746,0.055781,0.01375,0.0509,158,79,137
2012-02-01,0.025306,0.03454,0.036647,0.02207,174,83,142
2012-03-01,0.01685,-0.005777,-0.037607,0.008026,193,90,150
2012-04-03,-0.009655,-0.017231,-0.038048,-0.019127,204,88,151
2012-05-01,-0.078968,-0.061199,-0.182704,-0.06916,191,78,139
2012-06-01,0.061832,0.060123,0.051779,0.069725,179,74,135
2012-07-03,-0.012223,-0.010059,-0.060243,-0.026885,177,74,129
2012-08-01,0.034088,0.010652,0.017102,0.054118,173,65,120
2012-09-01,0.017034,0.031208,0.027679,0.012281,167,67,115
2012-10-02,-0.009024,-0.01469,-0.023693,-0.014201,203,71,133
2012-11-01,-0.001948,-0.00985,-0.088972,0.003811,189,68,126
2012-12-01,0.02099,0.021622,0.014006,0.02026,194,68,125
2013-01-01,0.042421,0.012917,0.022477,0.027843,230,68,121
2013-02-01,0.001964,-0.022694,-0.031339,-5.3e-05,254,74,127
2013-03-01,0.031881,0.005805,0.004765,0.010879,255,77,125
2013-04-02,0.020605,0.014007,0.00891,0.022587,228,76,128
2013-05-01,0.03628,-0.01633,0.01181,0.040626,222,73,125
2013-06-01,-0.005891,-0.030538,-0.046762,0.012111,226,76,123
2013-07-02,0.050798,0.031582,0.05857,0.077531,241,74,127
2013-08-01,-0.042986,-0.026183,-0.03406,-0.021523,217,78,125
2013-09-04,0.033834,0.03609,0.045981,0.042363,218,74,128
2013-10-01,0.025485,0.005397,0.001626,0.009493,229,81,137
2013-11-01,0.013482,0.01084,-0.016222,0.0099,222,89,128
2013-12-03,0.031403,0.034388,0.004368,0.035217,230,95,128
2014-01-01,-0.016194,-0.019531,-0.028927,-0.001959,260,90,125
2014-02-01,0.0822,0.06841,0.085733,0.079202,284,95,125
2014-03-01,0.002703,0.004169,-0.020475,-0.012461,266,104,127
2014-04-01,-0.023713,-0.021436,-0.023952,-0.043525,235,102,131
2014-05-01,0.014519,0.011741,-0.019439,0.007754,225,88,123
2014-06-03,0.032747,0.027258,0.074196,0.045233,252,98,112
2014-07-01,-0.044096,-0.026155,-0.096503,-0.037971,260,101,116
2014-08-01,0.050487,0.025993,0.04114,0.0401,252,86,105
2014-09-03,-0.041222,-0.054624,-0.12607,-0.05082,268,82,107
2014-10-01,0.046071,0.024277,-0.099158,0.020099,260,81,106
2014-11-01,0.003709,-0.022616,-0.167879,-0.005847,260,76,108
2014-12-02,0.00837,-0.032829,-0.031886,-0.007684,246,71,107
2015-01-01,-0.009325,0.005442,-0.069135,-0.012771,292,69,109
2015-02-03,0.033106,0.016318,-0.006548,0.027668,295,69,104
2015-03-03,-0.001807,-0.010635,-0.042713,-0.008879,259,68,101
2015-04-01,-0.004443,0.024894,0.09143,0.03997,225,71,103
2015-05-01,0.007749,-0.019075,-0.081177,-0.007282,242,73,103
2015-06-02,-0.021187,-0.029883,-0.095186,-0.028665,258,72,112
2015-07-01,-0.003996,-0.026052,-0.131332,-0.034564,257,70,112
2015-08-01,-0.056868,-0.050987,-0.083644,-0.029095,242,54,100
2015-09-01,-0.018572,-0.024558,-0.181169,-0.02277,229,57,96
2015-10-01,0.075691,0.084455,0.034154,0.087609,194,46,85
2015-11-03,-0.010316,-0.028876,-0.087134,-0.027268,210,45,83
2015-12-01,-0.045118,-0.032466,-0.131717,-0.020684,231,43,85
2016-01-01,-0.058186,-0.04936,-0.167731,-0.083952,270,39,86
2016-02-02,0.029552,0.015674,0.074379,0.007578,247,27,81
2016-03-01,0.054776,0.058976,0.068453,0.053975,229,27,73
2016-04-01,0.017518,0.016121,0.094691,0.014234,216,34,78
2016-05-03,0.023499,-0.001484,-0.038368,0.001242,236,33,72
2016-06-01,-0.007262,0.006291,-0.004751,-0.012662,256,31,75
2016-07-01,0.039743,0.033166,-0.073109,0.036305,220,38,75
2016-08-02,0.017867,0.013722,0.038182,0.016305,221,31,64
2016-09-01,0.001068,-0.000785,-0.005692,-0.00326,220,35,61
2016-10-01,-0.02775,-0.012424,-0.125987,-0.02981,257,41,64
2016-11-01,0.069096,0.052199,0.086547,0.021849,234,32,65
2016-12-01,0.029649,0.019047,0.052288,0.043858,251,41,74
2017-01-04,0.002223,0.014872,-0.069585,0.002009,302,50,68
2017-02-01,0.027609,0.014467,-0.04226,0.014007,299,44,62
2017-03-01,-0.015676,-0.00045,-0.094569,-0.003142,322,39,68
2017-04-01,0.016136,0.011088,-0.060079,0.01129,303,39,67
2017-05-02,-0.005289,-0.003001,-0.114745,-0.003058,282,40,63
2017-06-01,0.002996,-0.000369,-0.041526,-0.013449,272,32,67
2017-07-01,0.00925,0.024574,-0.070486,0.025828,284,32,63
2017-08-01,-0.007647,-0.005697,-0.078276,-0.00464,281,32,49
2017-09-01,0.034815,0.012946,0.104463,0.019865,285,30,53
2017-10-03,0.00227,-0.009614,-0.067272,0.007078,292,33,54
2017-11-01,0.033081,0.008328,0.022415,-0.000723,299,32,50
2017-12-01,0.016574,0.032204,-0.002255,0.024941,328,32,52
