year,ref_names,nofund_liquid_candidates,us_common_share,known_precision,known_recall,est_missing_ge2b,est_missing_pct
2010,687,239,0.55,0.84,0.85,130,0.159
2011,775,247,0.467,0.871,0.843,119,0.133
2012,788,217,0.567,0.876,0.843,128,0.14
2013,901,209,0.483,0.897,0.807,112,0.111
2014,1022,238,0.4,0.893,0.813,105,0.093
2015,1055,203,0.4,0.89,0.837,86,0.076
2016,1022,158,0.3,0.889,0.851,50,0.046
2017,1116,160,0.3,0.897,0.833,52,0.044
2018,1185,173,0.233,0.902,0.844,43,0.035
2019,1183,155,0.317,0.912,0.839,53,0.043
2020,1189,145,0.267,0.881,0.864,39,0.032
2021,1503,205,0.083,0.891,0.824,18,0.012
