year,reference names/month,liquid no-fundamentals candidates,…of which likely >= $2B,US-common share (sample),est. missing >= $2B,missing share,later ended: distress,later ended: other
2010,765,447,229,0.55,126,0.141,0.22,0.42
2011,866,453,242,0.467,113,0.115,0.22,0.38
2012,885,393,222,0.567,126,0.124,0.19,0.34
2013,1021,436,248,0.483,120,0.105,0.18,0.29
2014,1165,461,263,0.4,105,0.083,0.19,0.25
2015,1208,406,218,0.4,87,0.067,0.15,0.25
2016,1168,345,177,0.3,53,0.044,0.1,0.21
2017,1274,392,216,0.3,65,0.048,0.09,0.15
2018,1347,401,220,0.233,51,0.037,0.07,0.13
2019,1326,344,193,0.317,61,0.044,0.03,0.1
2020,1312,337,168,0.267,45,0.033,0.01,0.06
2021,1649,438,243,0.083,20,0.012,0.0,0.03
