experiment,trades,excluded_trades,capital_days_share,excluded_pnl,total_pnl,not_in_probe,names,d063_open_positions_bought_over_30d_before_end,d059_affected
E901-01,5020,250,0.0250310146318985,-362632.7041,-5016953.1046,4,"AB,ACAS,AHGP,ARLP,ATLS,BCAT,BSM,BX,CCT,CEQP,CG,CPNO,CQH,CQP,CVRR,DEP,DM,DSL,EEQ,ENBL,EPB,EPD,EPE,EQGP,EQM,ET,EVV,FSKR,FT",,no (no holding across a last real bar in the run window)
E900-02,1,0,0.0,0.0,0.0,1,,,no (no holding across a last real bar in the run window)
E900-03,1,0,0.0,0.0,0.0,1,,,no (no holding across a last real bar in the run window)
E900-04,1,0,0.0,0.0,0.0,1,,,no (no holding across a last real bar in the run window)
E901-03,5737,301,0.0301191426201077,-416498.6394,-4716307.378800001,4,"AB,ACAS,AHGP,AM,APL,APU,ARLP,ATLS,BCAT,BPL,BSM,BWP,BX,CCT,CEQP,CG,CHKM,CPNO,CQH,CQP,CVRR,DEP,DM,DSL,EEQ,ENBL,ENLC,EPB,EP",,no (no holding across a last real bar in the run window)
E001-01,2050,102,0.1758405802658395,-2390.0215,-29176.685900000004,1,"AB,ACAS,AHGP,APU,ARLP,ATLS,BPL,BWP,BX,CEQP,CPNO,DEP,EPB,EPD,ET,IEP,MFIC,MMP,PAA,RGNC,TNH,WES,WPZ",14,no (no holding across a last real bar in the run window)
E001-02,2454,142,0.1979070228618331,-4236.1986,-31429.8682,1,"AB,ACAS,AHGP,AM,APU,ARLP,BPL,BWP,BX,CEQP,CHKM,CPNO,DEP,EPB,EPD,ET,IEP,MFIC,MMP,NGL,PAA,RGNC,TNH,WES,WPZ",12,no (no holding across a last real bar in the run window)
E001-03,2310,110,0.0722512822789364,-2352.523,10789.1745,1,"AB,ACAS,AHGP,AM,APL,APU,ARLP,ATLS,BPL,BWP,BX,CHKM,CPNO,EPD,ET,IEP,MFIC,MMP,TNH",7,no (no holding across a last real bar in the run window)
E001-04,2024,91,0.1259688036265598,-1044.6370999999997,-37019.3868,1,"AB,ACAS,AHGP,AM,APL,APU,ARLP,BPL,BWP,BX,CHKM,CPNO,DEP,EPB,EPD,ET,FSK,MFIC,MWE,NGLS,PAA,SEP,TNH,WES,WPZ",8,no (no holding across a last real bar in the run window)
E001-05,440,4,0.0462619805585044,3469.2315,4360.201100000001,0,"CVRR,MFIC,MWE,NS",15,no (no holding across a last real bar in the run window)
E002-01,555,11,0.0146192925869428,751.499600000001,125356.01350000002,0,"ACAS,EPE,ET,MFIC,NGL,PSXP,TNH,WPZ",,no (no holding across a last real bar in the run window)
E002-02,741,17,0.0161077702674095,-355.6605000000002,146286.4106,0,"ARLP,BWP,CHKM,ENBL,EPE,ET,IEP,NGL,NTI,OKS,PSXP,TNH,WPZ",,no (no holding across a last real bar in the run window)
E002-04,392,5,0.0116638928868102,-3382.7942000000003,86213.7462,0,"ACAS,NGL,PSXP,TNH,WPZ",,no (no holding across a last real bar in the run window)
E003-01,1257,58,0.0423013639247809,8435.6062,87817.45139999999,0,"AB,ACAS,APL,APU,ARLP,ATLS,BPL,BWP,BX,CHKM,CQH,EPB,EPD,GEL,IEP,KMR,MFIC,MMP,MPLX,MWE,NGL,NGLS,OKS,PAA,RGNC,TNH,WES,WPZ",,no (no holding across a last real bar in the run window)
E003-02,2590,100,0.0398621854884343,-394.9698999999998,5159.664800000002,0,"AB,ACAS,AHGP,AM,APL,APU,ARLP,ATLS,BPL,BWP,BX,CEQP,CHKM,CVRR,EPB,EPD,ET,FSK,GEL,IEP,KMR,MFIC,MMP,MWE,NGLS,OKS,PAA,RGNC,TN",,no (no holding across a last real bar in the run window)
E004-03,1475,25,0.0175424649102804,-3460.3996,120819.35520000002,1,"AM,ATLS,CEQP,CHKM,CVRR,EPB,ET,IEP,MFIC,MPLX,NEP,NGLS,NRP,NTI,TEP,TNH,UAN,WES",0,no (no holding across a last real bar in the run window)
E005-01,588,37,0.0634197801530329,1189.3909000000003,84016.2684,0,"ACAS,APU,BPL,BWP,DSL,EPD,EVV,FSK,IEP,KMR,MAIN,MMP,NEA,NVG,NZF,OKS,PAA,PSEC,WPZ",,no (no holding across a last real bar in the run window)
E005-03,598,38,0.0597336511019419,1188.6197000000004,88585.67559999999,0,"ACAS,APU,BPL,BWP,DSL,EPD,EVV,FSK,KMR,MAIN,MMP,NEA,NVG,NZF,OKS,PAA,PSEC,WES,WPZ",,no (no holding across a last real bar in the run window)
E900-05,1,0,0.0,0.0,0.0,1,,,no (no holding across a last real bar in the run window)
E901-04,5737,301,0.0314139199296079,-381638.1518,-4008985.7675,4,"AB,ACAS,AHGP,AM,APL,APU,ARLP,ATLS,BCAT,BPL,BSM,BWP,BX,CCT,CEQP,CG,CHKM,CPNO,CQH,CQP,CVRR,DEP,DM,DSL,EEQ,ENBL,ENLC,EPB,EP",,no (no holding across a last real bar in the run window)
E001-06,1649,86,0.1813668354491116,-1134.1295,-21468.4368,1,"AB,ACAS,AHGP,APL,APU,ARLP,BPL,BWP,BX,CHKM,CPNO,EPB,ET,IEP,MFIC,MMP,MWE,TEP,TNH,WES",8,no (no holding across a last real bar in the run window)
E001-07,1379,70,0.1978333336159874,-585.4937,-24091.860799999995,1,"AB,ACAS,AHGP,AM,APU,ARLP,BPL,BWP,BX,CPNO,EPB,ET,MFIC,MMP,MWE,TNH,WES,WPZ",8,no (no holding across a last real bar in the run window)
E001-08,1655,110,0.1291457218634754,-3904.4275,5833.326500000001,0,"AB,ACAS,AHGP,AM,APL,ARLP,ATLS,BPL,BWP,CPNO,EPB,EPD,IEP,MFIC,MMP,TNH,WES",9,no (no holding across a last real bar in the run window)
E001-09,2259,111,0.133077580616408,-1673.2139999999995,-34579.460100000004,0,"AB,ACAS,AHGP,AM,APL,APU,ARLP,BPL,BWP,BX,CHKM,CPNO,DEP,EEQ,EPB,EQM,ET,IEP,MFIC,MWE,NGL,OILT,TNH",8,no (no holding across a last real bar in the run window)
E001-10,331,6,0.0453034635085028,2844.3027,31415.62620000001,0,"APL,CEQP,CVRR,MFIC,MPLX,MWE",15,no (no holding across a last real bar in the run window)
E002-05,362,8,0.0141674636976998,1183.7383000000004,74419.40730000002,0,"ACAS,ET,NGL,PSXP,TNH,WPZ",,no (no holding across a last real bar in the run window)
E002-06,467,13,0.0188846488931493,5169.507600000001,54674.5508,0,"ARLP,CHKM,ENBL,ET,IEP,NTI,PSXP,TNH,WPZ",,no (no holding across a last real bar in the run window)
E002-07,355,8,0.0154317576910708,-2951.6432000000004,97136.9562,0,"ACAS,EPE,ET,NGL,PSXP,TNH,WPZ",,no (no holding across a last real bar in the run window)
E002-08,237,3,0.0091293303438969,796.0926,38232.70930000001,0,"ACAS,TNH,WPZ",,no (no holding across a last real bar in the run window)
E004-09,2594,53,0.0212848993375247,519.789199999999,25694.299100000026,0,"ACAS,AM,APU,ARLP,ATLS,CEQP,CHKM,CVRR,EEQ,ENBL,EPB,ET,GEL,IEP,MFIC,MMP,MPLX,NEP,NGL,NRP,NTI,PAGP,PSXP,SEP,SHLX,TEP,TNH,UA",0,no (no holding across a last real bar in the run window)
E004-10,2001,42,0.0211271465725174,-7031.358199999999,-20910.977000000003,0,"AB,AM,ARLP,CEQP,CG,CVRR,EEQ,ENBL,EPB,ET,GEL,IEP,MFIC,MPLX,NEP,NGL,NGLS,NRP,NTI,PSXP,RGNC,SEP,SHLX,TEP,TNH,UAN",0,no (no holding across a last real bar in the run window)
E004-11,1410,28,0.0196843963211874,-2877.5079,70543.68359999999,0,"ACAS,AM,APU,ATLS,CHKM,CVRR,EPB,ET,GEL,IEP,MPLX,NRP,NTI,PAGP,PSXP,TEP,TNH,UAN",0,no (no holding across a last real bar in the run window)
E004-12,2310,44,0.0194667386088928,-124.88470000000012,18446.82609999999,0,"ACAS,AM,APU,ARLP,ATLS,CEQP,CHKM,CVRR,ENBL,EPB,ET,GEL,IEP,MFIC,MMP,MPLX,NEP,NGL,NRP,NTI,PAGP,PSXP,RGNC,SEP,SHLX,TEP,TNH,U",0,no (no holding across a last real bar in the run window)
E005-07,408,24,0.0602164502278245,-911.1617000000005,58755.779,0,"ACAS,BPL,DSL,FSK,IEP,KMR,MAIN,MMP,NEA,NVG,NZF,OKS,PAA,PSEC,WPZ",,no (no holding across a last real bar in the run window)
E005-08,174,12,0.0511432273574757,-4830.8919000000005,76307.7984,0,"DSL,EVV,KMR,MAIN,NEA,NVG,NZF,PSEC",,no (no holding across a last real bar in the run window)
E005-09,419,25,0.0532885092171412,-612.6041000000001,66758.42120000001,0,"ACAS,BPL,DSL,FSK,KMR,MAIN,MMP,NEA,NVG,NZF,OKS,PAA,PSEC,WPZ",,no (no holding across a last real bar in the run window)
E003-07,669,26,0.0402827530892188,996.4408000000002,41062.1802,0,"AB,ACAS,APL,APU,ARLP,ATLS,BPL,CHKM,EPD,GEL,IEP,PAA,WES",,no (no holding across a last real bar in the run window)
E003-08,1376,59,0.0481713816904588,573.9368000000002,-4467.4921,0,"AB,ACAS,AHGP,AM,APL,APU,ARLP,ATLS,BPL,BWP,BX,CEQP,CHKM,CVRR,FSK,IEP,KMR,MFIC,MMP,MWE,OKS,PAA,RGNC,TNH,WES,WPZ",,no (no holding across a last real bar in the run window)
E003-09,668,21,0.033581998237073,1014.3909,44506.20480000001,0,"AB,ACAS,APL,APU,ARLP,ATLS,BPL,EPD,GEL,IEP,WES",,no (no holding across a last real bar in the run window)
E900-06,1,0,0.0,0.0,0.0,1,,,no (no holding across a last real bar in the run window)
E901-05,5737,301,0.0314120116620922,-381953.3922,-4009497.5877,4,"AB,ACAS,AHGP,AM,APL,APU,ARLP,ATLS,BCAT,BPL,BSM,BWP,BX,CCT,CEQP,CG,CHKM,CPNO,CQH,CQP,CVRR,DEP,DM,DSL,EEQ,ENBL,ENLC,EPB,EP",,no (no holding across a last real bar in the run window)
E001-11,1649,86,0.1813668354491116,-1134.1295,-21468.4368,1,"AB,ACAS,AHGP,APL,APU,ARLP,BPL,BWP,BX,CHKM,CPNO,EPB,ET,IEP,MFIC,MMP,MWE,TEP,TNH,WES",8,no (no holding across a last real bar in the run window)
E001-12,1379,70,0.1978333336159874,-585.4937,-24091.860799999995,1,"AB,ACAS,AHGP,AM,APU,ARLP,BPL,BWP,BX,CPNO,EPB,ET,MFIC,MMP,MWE,TNH,WES,WPZ",8,no (no holding across a last real bar in the run window)
E001-13,1655,110,0.1291457218634754,-3904.4275,5833.326500000001,0,"AB,ACAS,AHGP,AM,APL,ARLP,ATLS,BPL,BWP,CPNO,EPB,EPD,IEP,MFIC,MMP,TNH,WES",9,no (no holding across a last real bar in the run window)
E001-14,2259,111,0.133077580616408,-1673.2139999999995,-34579.460100000004,0,"AB,ACAS,AHGP,AM,APL,APU,ARLP,BPL,BWP,BX,CHKM,CPNO,DEP,EEQ,EPB,EQM,ET,IEP,MFIC,MWE,NGL,OILT,TNH",8,no (no holding across a last real bar in the run window)
E001-15,331,6,0.0453034635085028,2844.3027,31415.62620000001,0,"APL,CEQP,CVRR,MFIC,MPLX,MWE",15,no (no holding across a last real bar in the run window)
E002-09,362,8,0.0141674636976998,1183.7383000000004,74419.40730000002,0,"ACAS,ET,NGL,PSXP,TNH,WPZ",,no (no holding across a last real bar in the run window)
E002-10,467,13,0.0188846488931493,5169.507600000001,54674.5508,0,"ARLP,CHKM,ENBL,ET,IEP,NTI,PSXP,TNH,WPZ",,no (no holding across a last real bar in the run window)
E002-11,355,8,0.0154317576910708,-2951.6432000000004,97136.9562,0,"ACAS,EPE,ET,NGL,PSXP,TNH,WPZ",,no (no holding across a last real bar in the run window)
E002-12,237,3,0.0091293303438969,796.0926,38232.70930000001,0,"ACAS,TNH,WPZ",,no (no holding across a last real bar in the run window)
E003-10,669,26,0.0402827530892188,996.4408000000002,41062.1802,0,"AB,ACAS,APL,APU,ARLP,ATLS,BPL,CHKM,EPD,GEL,IEP,PAA,WES",,no (no holding across a last real bar in the run window)
E003-11,1376,59,0.0481713816904588,573.9368000000002,-4467.4921,0,"AB,ACAS,AHGP,AM,APL,APU,ARLP,ATLS,BPL,BWP,BX,CEQP,CHKM,CVRR,FSK,IEP,KMR,MFIC,MMP,MWE,OKS,PAA,RGNC,TNH,WES,WPZ",,no (no holding across a last real bar in the run window)
E003-12,668,21,0.033581998237073,1014.3909,44506.20480000001,0,"AB,ACAS,APL,APU,ARLP,ATLS,BPL,EPD,GEL,IEP,WES",,no (no holding across a last real bar in the run window)
E004-13,2595,53,0.0212869566682821,531.8713999999999,26982.194100000008,0,"ACAS,AM,APU,ARLP,ATLS,CEQP,CHKM,CVRR,EEQ,ENBL,EPB,ET,GEL,IEP,MFIC,MMP,MPLX,NEP,NGL,NRP,NTI,PAGP,PSXP,SEP,SHLX,TEP,TNH,UA",0,no (no holding across a last real bar in the run window)
E004-14,2001,42,0.0211271465725174,-7031.358199999999,-20910.977000000003,0,"AB,AM,ARLP,CEQP,CG,CVRR,EEQ,ENBL,EPB,ET,GEL,IEP,MFIC,MPLX,NEP,NGL,NGLS,NRP,NTI,PSXP,RGNC,SEP,SHLX,TEP,TNH,UAN",0,no (no holding across a last real bar in the run window)
E004-15,1410,28,0.0196843963211874,-2877.5079,70543.68359999999,0,"ACAS,AM,APU,ATLS,CHKM,CVRR,EPB,ET,GEL,IEP,MPLX,NRP,NTI,PAGP,PSXP,TEP,TNH,UAN",0,no (no holding across a last real bar in the run window)
E004-16,2310,44,0.0194667386088928,-124.88470000000012,18446.82609999999,0,"ACAS,AM,APU,ARLP,ATLS,CEQP,CHKM,CVRR,ENBL,EPB,ET,GEL,IEP,MFIC,MMP,MPLX,NEP,NGL,NRP,NTI,PAGP,PSXP,RGNC,SEP,SHLX,TEP,TNH,U",0,no (no holding across a last real bar in the run window)
E005-10,408,24,0.0602197755991681,-910.4341000000002,58706.0367,0,"ACAS,BPL,DSL,FSK,IEP,KMR,MAIN,MMP,NEA,NVG,NZF,OKS,PAA,PSEC,WPZ",,no (no holding across a last real bar in the run window)
E005-11,175,12,0.0512795888007088,-4795.346399999999,74801.3229,0,"DSL,EVV,KMR,MAIN,NEA,NVG,NZF,PSEC",,no (no holding across a last real bar in the run window)
E005-12,419,25,0.053284000490537,-612.1415000000001,66747.1376,0,"ACAS,BPL,DSL,FSK,KMR,MAIN,MMP,NEA,NVG,NZF,OKS,PAA,PSEC,WPZ",,no (no holding across a last real bar in the run window)
E005-13,408,24,0.0599258304296274,-1236.1459000000002,51318.2414,0,"ACAS,BPL,DSL,FSK,IEP,KMR,MAIN,MMP,NEA,NVG,NZF,OKS,PAA,PSEC,WPZ",,no (no holding across a last real bar in the run window)
E005-14,175,12,0.0506897542682458,-4921.811,70755.3238,0,"DSL,EVV,KMR,MAIN,NEA,NVG,NZF,PSEC",,no (no holding across a last real bar in the run window)
E005-15,419,25,0.0530070053681927,-929.5362000000002,58791.79549999999,0,"ACAS,BPL,DSL,FSK,KMR,MAIN,MMP,NEA,NVG,NZF,OKS,PAA,PSEC,WPZ",,no (no holding across a last real bar in the run window)
E005-16,419,25,0.0524913283422011,-1516.0872999999997,43579.69589999999,0,"ACAS,BPL,DSL,FSK,KMR,MAIN,MMP,NEA,NVG,NZF,OKS,PAA,PSEC,WPZ",,no (no holding across a last real bar in the run window)
E005-17,419,25,0.0519962178020685,-2019.9322,29813.7919,0,"ACAS,BPL,DSL,FSK,KMR,MAIN,MMP,NEA,NVG,NZF,OKS,PAA,PSEC,WPZ",,no (no holding across a last real bar in the run window)
E005-18,521,33,0.0529197276809865,1337.4782,48583.4094,0,"ACAS,APU,BPL,BWP,DSL,EPD,FSK,MAIN,MMP,NEA,NS,NVG,NZF,OKS,PAA,PSEC,RGNC,WES,WPZ",,no (no holding across a last real bar in the run window)
E005-19,465,27,0.0571709630975604,-512.5234000000005,64637.428900000006,0,"ACAS,BPL,BWP,DSL,EPD,FSK,KMR,MAIN,MMP,NEA,NVG,NZF,OKS,PAA,PSEC,WPZ",,no (no holding across a last real bar in the run window)
E005-20,385,24,0.0575982040172248,-3369.2549,59794.433000000005,0,"ACAS,BPL,BWP,DSL,FSK,KMR,MAIN,MMP,NEA,NVG,NZF,OKS,PAA,PSEC,WPZ",,no (no holding across a last real bar in the run window)
E005-21,363,25,0.0560428227001986,-2512.1389,52130.4045,0,"ACAS,BPL,BWP,DSL,FSK,KMR,MAIN,MMP,NEA,NVG,NZF,OKS,PAA,PSEC,WPZ",,no (no holding across a last real bar in the run window)
E005-22,336,20,0.0501768885282526,-474.7973,54523.8881,0,"ACAS,BPL,DSL,FSK,KMR,MMP,NEA,NVG,NZF,OKS,PAA,PSEC,WPZ",,no (no holding across a last real bar in the run window)
E005-23,434,24,0.0495407234663667,-2089.1964000000003,57163.7654,0,"ACAS,BPL,DSL,FSK,KMR,MAIN,MMP,NEA,NVG,NZF,OKS,PAA,PSEC,WPZ",,no (no holding across a last real bar in the run window)
E005-24,419,25,0.0530569790871804,-692.1909000000004,66791.2533,0,"ACAS,BPL,DSL,FSK,KMR,MAIN,MMP,NEA,NVG,NZF,OKS,PAA,PSEC,WPZ",,no (no holding across a last real bar in the run window)
E005-25,419,25,0.0530302716056974,-673.6914999999998,66620.12730000001,0,"ACAS,BPL,DSL,FSK,KMR,MAIN,MMP,NEA,NVG,NZF,OKS,PAA,PSEC,WPZ",,no (no holding across a last real bar in the run window)
E005-26,419,25,0.0533151086934818,-621.1167,66774.2037,0,"ACAS,BPL,DSL,FSK,KMR,MAIN,MMP,NEA,NVG,NZF,OKS,PAA,PSEC,WPZ",,no (no holding across a last real bar in the run window)
E005-27,419,25,0.0533151086934818,-621.1167,66774.2037,0,"ACAS,BPL,DSL,FSK,KMR,MAIN,MMP,NEA,NVG,NZF,OKS,PAA,PSEC,WPZ",,no (no holding across a last real bar in the run window)
E005-28,188,32,0.2612021678709408,-7603.2046,-2817.8,0,"AABA,BCAT,BPL,DSL,GBDC,MAIN,MIC,NEA,NVG,NZF,OAK,OBDC,PSEC,UTG",,no (no holding across a last real bar in the run window)
